image,method,available,payload_bits,auxiliary_bits,net_payload_bits,changed_pixels,drd,psnr_db,reversible,message_exact,parameter,error
7.pgm,PPOCP-conservative,True,256,3312,-3056,115,0.052491305139679305,33.5784208159805,True,True,,
7.pgm,Huynh-Nguyen-T5,True,256,1128,-872,148,0.11313934716698276,32.482782065567044,True,True,,
7.pgm,Dong-adaptive-conservative,True,256,384,-128,175,0.13359495727344148,31.755018732653674,True,True,l=2,
46.pgm,PPOCP-conservative,True,256,3248,-2992,127,0.05495529808651292,33.14736200995704,True,True,,
46.pgm,Huynh-Nguyen-T5,True,256,1880,-1624,127,0.11193307852138902,33.14736200995704,True,True,,
46.pgm,Dong-adaptive-conservative,True,256,288,-32,145,0.16869191868216793,32.571719197166864,True,True,l=1,
353.pgm,PPOCP-conservative,True,256,1672,-1416,131,1.3753917059422776,33.01268626295897,True,True,,
353.pgm,Huynh-Nguyen-T5,False,256,0,0,0,,,False,False,,capacity below target
353.pgm,Dong-adaptive-conservative,False,256,0,0,0,,,False,False,,l=1: Insufficient Dong excluding-mode capacity; l=2: Insufficient Dong excluding-mode capacity; l=3: Insufficient Dong excluding-mode capacity; l=4: Insufficient Dong excluding-mode capacity; l=5: Insufficient Dong excluding-mode capacity; l=6: Insufficient Dong excluding-mode capacity; l=7: Insufficient Dong excluding-mode capacity; l=8: Insufficient Dong excluding-mode capacity; l=9: Insufficient Dong excluding-mode capacity; l=10: Insufficient Dong excluding-mode capacity
410.pgm,PPOCP-conservative,True,256,1816,-1560,141,0.038001985809237505,32.69320809296281,True,True,,
410.pgm,Huynh-Nguyen-T5,True,256,1880,-1624,124,0.07298498286626072,33.251182367894266,True,True,,
410.pgm,Dong-adaptive-conservative,True,256,288,-32,133,0.09264544348218876,32.94688280984576,True,True,l=6,
488.pgm,PPOCP-conservative,True,256,3296,-3040,135,0.051004168325139994,32.88206153456655,True,True,,
488.pgm,Huynh-Nguyen-T5,True,256,1096,-840,156,0.10427378192302049,32.254153235972,True,True,,
488.pgm,Dong-adaptive-conservative,True,256,672,-416,2496,1.4247850611951518,20.21295340941275,True,True,l=1,
581.pgm,PPOCP-conservative,True,256,2888,-2632,127,0.3841346913117384,33.14736200995704,True,True,,
581.pgm,Huynh-Nguyen-T5,False,256,0,0,0,,,False,False,,capacity below target
581.pgm,Dong-adaptive-conservative,True,256,288,-32,136,0.7450434737843017,32.850010135814436,True,True,l=4,
596.pgm,PPOCP-conservative,True,256,2928,-2672,115,0.18711501149303125,33.5784208159805,True,True,,
596.pgm,Huynh-Nguyen-T5,True,256,3384,-3128,119,0.3015773522068837,33.429929605591305,True,True,,
596.pgm,Dong-adaptive-conservative,True,256,296,-40,143,0.3742515137813257,32.632038844865995,True,True,l=9,
636.pgm,PPOCP-conservative,True,256,3224,-2968,148,0.4275786350933239,32.482782065567044,True,True,,
636.pgm,Huynh-Nguyen-T5,False,256,0,0,0,,,False,False,,capacity below target
636.pgm,Dong-adaptive-conservative,True,256,280,-24,119,0.5851180498740773,33.429929605591305,True,True,l=6,
655.pgm,PPOCP-conservative,True,256,3408,-3152,123,0.08559854875275202,33.286348105122634,True,True,,
655.pgm,Huynh-Nguyen-T5,True,256,1864,-1608,133,0.15024752139661277,32.94688280984576,True,True,,
655.pgm,Dong-adaptive-conservative,True,256,368,-112,232,0.3250597650468476,30.530519370607617,True,True,l=1,
812.pgm,PPOCP-conservative,True,256,3328,-3072,131,0.04917700056280849,33.01268626295897,True,True,,
812.pgm,Huynh-Nguyen-T5,True,256,1912,-1656,129,0.0647937471407711,33.079502116524125,True,True,,
812.pgm,Dong-adaptive-conservative,True,256,448,-192,147409,119.21230550433708,2.500159219359957,True,True,l=3,
889.pgm,PPOCP-conservative,True,256,2624,-2368,135,0.055323570210946735,32.88206153456655,True,True,,
889.pgm,Huynh-Nguyen-T5,True,256,1848,-1592,128,0.09996154258101658,33.11329952303793,True,True,,
889.pgm,Dong-adaptive-conservative,True,256,320,-64,132,0.10572304344448358,32.979659907458114,True,True,l=9,
1300.pgm,PPOCP-conservative,True,256,2328,-2072,128,0.054129544557848824,33.11329952303793,True,True,,
1300.pgm,Huynh-Nguyen-T5,True,256,1952,-1696,138,0.14069009635096916,32.78660835550425,True,True,,
1300.pgm,Dong-adaptive-conservative,True,256,512,-256,354,0.3553258685719477,28.695366599258737,True,True,l=5,
1404.pgm,PPOCP-conservative,True,256,3232,-2976,132,0.0727451187789413,32.979659907458114,True,True,,
1404.pgm,Huynh-Nguyen-T5,True,256,1832,-1576,131,0.11654100996619235,33.01268626295897,True,True,,
1404.pgm,Dong-adaptive-conservative,True,256,296,-40,152,0.17989927546332998,32.36696334006889,True,True,l=7,
1473.pgm,PPOCP-conservative,True,256,2160,-1904,137,0.6701837839460592,32.818193547952546,True,True,,
1473.pgm,Huynh-Nguyen-T5,False,256,0,0,0,,,False,False,,capacity below target
1473.pgm,Dong-adaptive-conservative,True,256,304,-48,128,0.9566756773275646,33.11329952303793,True,True,l=3,
1493.pgm,PPOCP-conservative,True,256,3192,-2936,140,0.11179622624123178,32.72411886273424,True,True,,
1493.pgm,Huynh-Nguyen-T5,True,256,1864,-1608,129,0.13113902786063605,33.079502116524125,True,True,,
1493.pgm,Dong-adaptive-conservative,True,256,384,-128,201811,347.00851658177527,1.135950875576905,True,True,l=6,
1583.pgm,PPOCP-conservative,True,256,3256,-3000,137,0.18947593702192086,32.818193547952546,True,True,,
1583.pgm,Huynh-Nguyen-T5,True,256,3376,-3120,123,0.23032365094951276,33.286348105122634,True,True,,
1583.pgm,Dong-adaptive-conservative,True,256,312,-56,138,0.3590669292407639,32.78660835550425,True,True,l=7,
1586.pgm,PPOCP-conservative,True,256,256,0,118,49.96517095378483,33.46657914645536,True,True,,
1586.pgm,Huynh-Nguyen-T5,False,256,0,0,0,,,False,False,,capacity below target
1586.pgm,Dong-adaptive-conservative,False,256,0,0,0,,,False,False,,l=1: Insufficient Dong excluding-mode capacity; l=2: Insufficient Dong excluding-mode capacity; l=3: Insufficient Dong excluding-mode capacity; l=4: Insufficient Dong excluding-mode capacity; l=5: Insufficient Dong excluding-mode capacity; l=6: Insufficient Dong excluding-mode capacity; l=7: Insufficient Dong excluding-mode capacity; l=8: Insufficient Dong excluding-mode capacity; l=9: Insufficient Dong excluding-mode capacity; l=10: Insufficient Dong excluding-mode capacity
1592.pgm,PPOCP-conservative,True,256,3304,-3048,129,0.09593255322268879,33.079502116524125,True,True,,
1592.pgm,Huynh-Nguyen-T5,True,256,1864,-1608,120,0.12201550979548473,33.39358675904037,True,True,,
1592.pgm,Dong-adaptive-conservative,True,256,288,-32,129,0.16214065441638406,33.079502116524125,True,True,l=1,
1658.pgm,PPOCP-conservative,True,256,3392,-3136,112,0.0641180158593806,33.6932189928148,True,True,,
1658.pgm,Huynh-Nguyen-T5,True,256,1888,-1632,144,0.11176082531477476,32.601774298564116,True,True,,
1658.pgm,Dong-adaptive-conservative,True,256,296,-40,134,0.13074474774282455,32.91435123586854,True,True,l=6,
1669.pgm,PPOCP-conservative,True,256,3296,-3040,129,0.1782443803083041,33.079502116524125,True,True,,
1669.pgm,Huynh-Nguyen-T5,True,256,1856,-1600,121,0.3111451481710015,33.35754551635211,True,True,,
1669.pgm,Dong-adaptive-conservative,True,256,312,-56,118,0.2748679008059125,33.46657914645536,True,True,l=2,
1717.pgm,PPOCP-conservative,True,256,3288,-3032,141,0.06520238390339983,32.69320809296281,True,True,,
1717.pgm,Huynh-Nguyen-T5,True,256,1912,-1656,143,0.11123020773521831,32.632038844865995,True,True,,
1717.pgm,Dong-adaptive-conservative,True,256,320,-64,152,0.1276849712920748,32.36696334006889,True,True,l=1,
1722.pgm,PPOCP-conservative,True,256,256,0,122,103.44857729440231,33.321800912769135,True,True,,
1722.pgm,Huynh-Nguyen-T5,False,256,0,0,0,,,False,False,,capacity below target
1722.pgm,Dong-adaptive-conservative,False,256,0,0,0,,,False,False,,l=1: Insufficient Dong excluding-mode capacity; l=2: Insufficient Dong excluding-mode capacity; l=3: Insufficient Dong excluding-mode capacity; l=4: Insufficient Dong excluding-mode capacity; l=5: Insufficient Dong excluding-mode capacity; l=6: Insufficient Dong excluding-mode capacity; l=7: Insufficient Dong excluding-mode capacity; l=8: Insufficient Dong excluding-mode capacity; l=9: Insufficient Dong excluding-mode capacity; l=10: Insufficient Dong excluding-mode capacity
1899.pgm,PPOCP-conservative,True,256,256,0,124,3.0887640251904265,33.251182367894266,True,True,,
1899.pgm,Huynh-Nguyen-T5,False,256,0,0,0,,,False,False,,capacity below target
1899.pgm,Dong-adaptive-conservative,False,256,0,0,0,,,False,False,,l=1: Insufficient Dong excluding-mode capacity; l=2: Insufficient Dong excluding-mode capacity; l=3: Insufficient Dong excluding-mode capacity; l=4: Insufficient Dong excluding-mode capacity; l=5: Insufficient Dong excluding-mode capacity; l=6: Insufficient Dong excluding-mode capacity; l=7: Insufficient Dong excluding-mode capacity; l=8: Insufficient Dong excluding-mode capacity; l=9: Insufficient Dong excluding-mode capacity; l=10: Insufficient Dong excluding-mode capacity
2098.pgm,PPOCP-conservative,True,256,3208,-2952,134,0.024457308983874312,32.91435123586854,True,True,,
2098.pgm,Huynh-Nguyen-T5,True,256,1872,-1616,150,0.05158962818525071,32.424486628959805,True,True,,
2098.pgm,Dong-adaptive-conservative,True,256,336,-80,10888,4.571374459108358,13.815918097563832,True,True,l=8,
2105.pgm,PPOCP-conservative,True,256,3248,-2992,122,0.0526861432412303,33.321800912769135,True,True,,
2105.pgm,Huynh-Nguyen-T5,True,256,1160,-904,154,0.08625456085658728,32.31019201115198,True,True,,
2105.pgm,Dong-adaptive-conservative,True,256,336,-80,146,0.10037332559585142,32.54187066167225,True,True,l=2,
2179.pgm,PPOCP-conservative,True,256,3480,-3224,122,0.05129909713712844,33.321800912769135,True,True,,
2179.pgm,Huynh-Nguyen-T5,True,256,1888,-1632,143,0.10064959410294386,32.632038844865995,True,True,,
2179.pgm,Dong-adaptive-conservative,True,256,392,-136,189,0.13087371094021832,31.420781177784175,True,True,l=5,
2198.pgm,PPOCP-conservative,True,256,3392,-3136,122,0.06974441321778388,33.321800912769135,True,True,,
2198.pgm,Huynh-Nguyen-T5,True,256,1136,-880,141,0.1362761248270482,32.69320809296281,True,True,,
2198.pgm,Dong-adaptive-conservative,False,256,0,0,0,,,False,False,,l=1: Dong location map contains unused marks; l=2: Dong location map contains unused marks; l=3: Dong location map contains unused marks; l=4: Dong location map is exhausted; l=5: Dong location map contains unused marks; l=6: Dong location map contains unused marks; l=7: Dong location map contains unused marks; l=8: Dong location map contains unused marks; l=9: Dong location map contains unused marks; l=10: Dong location map contains unused marks
2323.pgm,PPOCP-conservative,True,256,3464,-3208,131,0.10119110565379003,33.01268626295897,True,True,,
2323.pgm,Huynh-Nguyen-T5,True,256,1896,-1640,129,0.14171891784778282,33.079502116524125,True,True,,
2323.pgm,Dong-adaptive-conservative,True,256,304,-48,139,0.18786479421805505,32.755251216975665,True,True,l=8,
2460.pgm,PPOCP-conservative,True,256,2896,-2640,115,0.06408078338894255,33.5784208159805,True,True,,
2460.pgm,Huynh-Nguyen-T5,True,256,1856,-1600,125,0.13221188038581402,33.21629908943605,True,True,,
2460.pgm,Dong-adaptive-conservative,True,256,304,-48,141,0.1575360087631179,32.69320809296281,True,True,l=1,
2512.pgm,PPOCP-conservative,True,256,3152,-2896,124,0.040901033466428385,33.251182367894266,True,True,,
2512.pgm,Huynh-Nguyen-T5,True,256,1096,-840,152,0.07850010041345147,32.36696334006889,True,True,,
2512.pgm,Dong-adaptive-conservative,True,256,320,-64,135,0.06564420494395261,32.88206153456655,True,True,l=3,
2565.pgm,PPOCP-conservative,True,256,2512,-2256,144,0.1390138600730546,32.601774298564116,True,True,,
2565.pgm,Huynh-Nguyen-T5,True,256,3264,-3008,114,0.14950899453616576,33.61635070615189,True,True,,
2565.pgm,Dong-adaptive-conservative,True,256,288,-32,128,0.2028118594159552,33.11329952303793,True,True,l=1,
2702.pgm,PPOCP-conservative,True,256,2408,-2152,119,0.6686254864610315,33.429929605591305,True,True,,
2702.pgm,Huynh-Nguyen-T5,False,256,0,0,0,,,False,False,,capacity below target
2702.pgm,Dong-adaptive-conservative,True,256,280,-24,136,1.2239291688551288,32.850010135814436,True,True,l=2,
2732.pgm,PPOCP-conservative,True,256,3928,-3672,129,0.025490752792393684,33.079502116524125,True,True,,
2732.pgm,Huynh-Nguyen-T5,True,256,1896,-1640,123,0.04763927228790892,33.286348105122634,True,True,,
2732.pgm,Dong-adaptive-conservative,True,256,288,-32,138,0.05719098790708461,32.78660835550425,True,True,l=9,
2738.pgm,PPOCP-conservative,True,256,256,0,129,2.734603785036449,33.079502116524125,True,True,,
2738.pgm,Huynh-Nguyen-T5,False,256,0,0,0,,,False,False,,capacity below target
2738.pgm,Dong-adaptive-conservative,False,256,0,0,0,,,False,False,,l=1: Insufficient Dong excluding-mode capacity; l=2: Insufficient Dong excluding-mode capacity; l=3: Insufficient Dong excluding-mode capacity; l=4: Insufficient Dong excluding-mode capacity; l=5: Insufficient Dong excluding-mode capacity; l=6: Insufficient Dong excluding-mode capacity; l=7: Insufficient Dong excluding-mode capacity; l=8: Insufficient Dong excluding-mode capacity; l=9: Insufficient Dong excluding-mode capacity; l=10: Insufficient Dong excluding-mode capacity
2766.pgm,PPOCP-conservative,True,256,3064,-2808,129,0.2716137645742858,33.079502116524125,True,True,,
2766.pgm,Huynh-Nguyen-T5,True,256,3304,-3048,129,0.42659235892818975,33.079502116524125,True,True,,
2766.pgm,Dong-adaptive-conservative,True,256,376,-120,191840,780.5223887184678,1.3560075619688807,True,True,l=3,
2881.pgm,PPOCP-conservative,True,256,2128,-1872,117,0.017572755710199128,33.503540602055,True,True,,
2881.pgm,Huynh-Nguyen-T5,True,256,1144,-888,157,0.06594226639680965,32.22640269542428,True,True,,
2881.pgm,Dong-adaptive-conservative,True,256,304,-48,131,0.05482383367408828,33.01268626295897,True,True,l=4,
2929.pgm,PPOCP-conservative,True,256,3872,-3616,125,0.03536931562965693,33.21629908943605,True,True,,
2929.pgm,Huynh-Nguyen-T5,True,256,1880,-1624,131,0.07458723469382701,33.01268626295897,True,True,,
2929.pgm,Dong-adaptive-conservative,True,256,280,-24,129,0.0730599030002902,33.079502116524125,True,True,l=4,
2947.pgm,PPOCP-conservative,True,256,3360,-3104,135,0.049936827325589093,32.88206153456655,True,True,,
2947.pgm,Huynh-Nguyen-T5,True,256,1080,-824,142,0.07135113821603592,32.662515775686046,True,True,,
2947.pgm,Dong-adaptive-conservative,True,256,296,-40,131,0.07728008598985008,33.01268626295897,True,True,l=3,
3009.pgm,PPOCP-conservative,True,256,2912,-2656,129,0.020667895844221233,33.079502116524125,True,True,,
3009.pgm,Huynh-Nguyen-T5,True,256,1080,-824,155,0.045671253581881864,32.2820822378137,True,True,,
3009.pgm,Dong-adaptive-conservative,True,256,296,-40,144,0.05412518668318075,32.601774298564116,True,True,l=1,
3089.pgm,PPOCP-conservative,True,256,3384,-3128,134,0.04712807039883949,32.91435123586854,True,True,,
3089.pgm,Huynh-Nguyen-T5,True,256,1144,-888,141,0.058504206348629496,32.69320809296281,True,True,,
3089.pgm,Dong-adaptive-conservative,True,256,400,-144,162,0.07526338683221097,32.0902490740903,True,True,l=1,
3099.pgm,PPOCP-conservative,True,256,3456,-3200,127,0.09369353795107638,33.14736200995704,True,True,,
3099.pgm,Huynh-Nguyen-T5,True,256,1112,-856,142,0.17993956123149588,32.662515775686046,True,True,,
3099.pgm,Dong-adaptive-conservative,True,256,360,-104,169,0.1998369479608421,31.90653217337988,True,True,l=10,
3105.pgm,PPOCP-conservative,True,256,3320,-3064,132,0.038119763857217305,32.979659907458114,True,True,,
3105.pgm,Huynh-Nguyen-T5,True,256,1912,-1656,140,0.060421815221759864,32.72411886273424,True,True,,
3105.pgm,Dong-adaptive-conservative,True,256,304,-48,133,0.06793255142301345,32.94688280984576,True,True,l=3,
3109.pgm,PPOCP-conservative,True,256,3176,-2920,138,0.06069429260820698,32.78660835550425,True,True,,
3109.pgm,Huynh-Nguyen-T5,True,256,1112,-856,143,0.11227355524514877,32.632038844865995,True,True,,
3109.pgm,Dong-adaptive-conservative,True,256,400,-144,152,0.0970563610754547,32.36696334006889,True,True,l=6,
3116.pgm,PPOCP-conservative,True,256,3416,-3160,126,0.09707725230777224,33.181693768340985,True,True,,
3116.pgm,Huynh-Nguyen-T5,True,256,1960,-1704,139,0.17160373800044404,32.755251216975665,True,True,,
3116.pgm,Dong-adaptive-conservative,True,256,400,-144,188,0.1920688773862172,31.443820726879817,True,True,l=1,
3125.pgm,PPOCP-conservative,True,256,3600,-3344,129,0.09183262758475905,33.079502116524125,True,True,,
3125.pgm,Huynh-Nguyen-T5,True,256,1864,-1608,124,0.12964205253821445,33.251182367894266,True,True,,
3125.pgm,Dong-adaptive-conservative,True,256,344,-88,165,0.21255707227480658,32.01055977737755,True,True,l=1,
3823.pgm,PPOCP-conservative,True,256,3120,-2864,140,0.022803074936062092,32.72411886273424,True,True,,
3823.pgm,Huynh-Nguyen-T5,True,256,1088,-832,176,0.05205550571090952,31.73027254137512,True,True,,
3823.pgm,Dong-adaptive-conservative,True,256,344,-88,187,0.059042879325908695,31.466983154151627,True,True,l=4,
3909.pgm,PPOCP-conservative,True,256,3216,-2960,126,0.02559241084692578,33.181693768340985,True,True,,
3909.pgm,Huynh-Nguyen-T5,True,256,688,-432,199,0.06538774965339479,31.196868455419548,True,True,,
3909.pgm,Dong-adaptive-conservative,True,256,416,-160,171,0.056656960072072673,31.855438115595078,True,True,l=1,
4004.pgm,PPOCP-conservative,True,256,3400,-3144,141,0.04313542041924958,32.69320809296281,True,True,,
4004.pgm,Huynh-Nguyen-T5,True,256,1128,-872,157,0.08130195419703244,32.22640269542428,True,True,,
4004.pgm,Dong-adaptive-conservative,True,256,384,-128,160,0.07369561686937137,32.14419939295737,True,True,l=4,
4090.pgm,PPOCP-conservative,True,256,3336,-3080,121,0.038675028139820766,33.35754551635211,True,True,,
4090.pgm,Huynh-Nguyen-T5,True,256,688,-432,166,0.08256494368052623,31.98431833911606,True,True,,
4090.pgm,Dong-adaptive-conservative,True,256,392,-136,144809,93.12484287004132,2.5774436748782845,True,True,l=1,
4328.pgm,PPOCP-conservative,True,256,3272,-3016,126,0.04413435448595524,33.181693768340985,True,True,,
4328.pgm,Huynh-Nguyen-T5,True,256,1904,-1648,139,0.07635936713285033,32.755251216975665,True,True,,
4328.pgm,Dong-adaptive-conservative,True,256,336,-80,148,0.09462216893171868,32.482782065567044,True,True,l=1,
4391.pgm,PPOCP-conservative,True,256,3208,-2952,114,0.021936789715178397,33.61635070615189,True,True,,
4391.pgm,Huynh-Nguyen-T5,True,256,688,-432,208,0.06538265535909024,31.004765869889003,True,True,,
4391.pgm,Dong-adaptive-conservative,True,256,328,-72,142804,50.9514662232778,2.6379954957034455,True,True,l=3,
4707.pgm,PPOCP-conservative,True,256,3840,-3584,119,0.05408506861145972,33.429929605591305,True,True,,
4707.pgm,Huynh-Nguyen-T5,True,256,1880,-1624,141,0.11900182664183999,32.69320809296281,True,True,,
4707.pgm,Dong-adaptive-conservative,True,256,296,-40,151,0.12695743164789805,32.395629746584916,True,True,l=4,
4757.pgm,PPOCP-conservative,True,256,2568,-2312,133,0.283294387910943,32.94688280984576,True,True,,
4757.pgm,Huynh-Nguyen-T5,True,256,3296,-3040,127,0.3738033490563849,33.14736200995704,True,True,,
4757.pgm,Dong-adaptive-conservative,True,256,288,-32,130,0.4842387173248928,33.04596569644825,True,True,l=5,
4839.pgm,PPOCP-conservative,True,256,3096,-2840,126,0.16882001494881102,33.181693768340985,True,True,,
4839.pgm,Huynh-Nguyen-T5,True,256,3296,-3040,125,0.23538192548061523,33.21629908943605,True,True,,
4839.pgm,Dong-adaptive-conservative,True,256,304,-48,134,0.28631568677216246,32.91435123586854,True,True,l=2,
5009.pgm,PPOCP-conservative,True,256,256,0,143,121.12882086133986,32.632038844865995,True,True,,
5009.pgm,Huynh-Nguyen-T5,False,256,0,0,0,,,False,False,,capacity below target
5009.pgm,Dong-adaptive-conservative,False,256,0,0,0,,,False,False,,l=1: Insufficient Dong excluding-mode capacity; l=2: Insufficient Dong excluding-mode capacity; l=3: Insufficient Dong excluding-mode capacity; l=4: Insufficient Dong excluding-mode capacity; l=5: Insufficient Dong excluding-mode capacity; l=6: Insufficient Dong excluding-mode capacity; l=7: Insufficient Dong excluding-mode capacity; l=8: Insufficient Dong excluding-mode capacity; l=9: Insufficient Dong excluding-mode capacity; l=10: Insufficient Dong excluding-mode capacity
5038.pgm,PPOCP-conservative,True,256,256,0,120,10.17526989781007,33.39358675904037,True,True,,
5038.pgm,Huynh-Nguyen-T5,False,256,0,0,0,,,False,False,,capacity below target
5038.pgm,Dong-adaptive-conservative,False,256,0,0,0,,,False,False,,l=1: Insufficient Dong excluding-mode capacity; l=2: Insufficient Dong excluding-mode capacity; l=3: Insufficient Dong excluding-mode capacity; l=4: Insufficient Dong excluding-mode capacity; l=5: Insufficient Dong excluding-mode capacity; l=6: Insufficient Dong excluding-mode capacity; l=7: Insufficient Dong excluding-mode capacity; l=8: Insufficient Dong excluding-mode capacity; l=9: Insufficient Dong excluding-mode capacity; l=10: Insufficient Dong excluding-mode capacity
5056.pgm,PPOCP-conservative,True,256,2024,-1768,138,1.1156029135217822,32.78660835550425,True,True,,
5056.pgm,Huynh-Nguyen-T5,False,256,0,0,0,,,False,False,,capacity below target
5056.pgm,Dong-adaptive-conservative,True,256,304,-48,173,2.1251686938261303,31.80493818822866,True,True,l=4,
5125.pgm,PPOCP-conservative,True,256,2632,-2376,122,0.2592523011618952,33.321800912769135,True,True,,
5125.pgm,Huynh-Nguyen-T5,False,256,0,0,0,,,False,False,,capacity below target
5125.pgm,Dong-adaptive-conservative,True,256,536,-280,742,2.7911882529132686,25.481360166726343,True,True,l=2,
5184.pgm,PPOCP-conservative,True,256,2992,-2736,134,0.3505632931642254,32.91435123586854,True,True,,
5184.pgm,Huynh-Nguyen-T5,False,256,0,0,0,,,False,False,,capacity below target
5184.pgm,Dong-adaptive-conservative,True,256,280,-24,133,0.6006495512778816,32.94688280984576,True,True,l=3,
5248.pgm,PPOCP-conservative,True,256,256,0,141,3.0656261871607096,32.69320809296281,True,True,,
5248.pgm,Huynh-Nguyen-T5,False,256,0,0,0,,,False,False,,capacity below target
5248.pgm,Dong-adaptive-conservative,False,256,0,0,0,,,False,False,,l=1: Insufficient Dong excluding-mode capacity; l=2: Insufficient Dong excluding-mode capacity; l=3: Insufficient Dong excluding-mode capacity; l=4: Insufficient Dong excluding-mode capacity; l=5: Insufficient Dong excluding-mode capacity; l=6: Insufficient Dong excluding-mode capacity; l=7: Insufficient Dong excluding-mode capacity; l=8: Insufficient Dong excluding-mode capacity; l=9: Insufficient Dong excluding-mode capacity; l=10: Insufficient Dong excluding-mode capacity
5288.pgm,PPOCP-conservative,True,256,256,0,116,1.8191567331716303,33.54081932724743,True,True,,
5288.pgm,Huynh-Nguyen-T5,False,256,0,0,0,,,False,False,,capacity below target
5288.pgm,Dong-adaptive-conservative,False,256,0,0,0,,,False,False,,l=1: Insufficient Dong excluding-mode capacity; l=2: Insufficient Dong excluding-mode capacity; l=3: Insufficient Dong excluding-mode capacity; l=4: Insufficient Dong excluding-mode capacity; l=5: Insufficient Dong excluding-mode capacity; l=6: Insufficient Dong excluding-mode capacity; l=7: Insufficient Dong excluding-mode capacity; l=8: Insufficient Dong excluding-mode capacity; l=9: Insufficient Dong excluding-mode capacity; l=10: Insufficient Dong excluding-mode capacity
5306.pgm,PPOCP-conservative,True,256,3536,-3280,126,0.06945765614240765,33.181693768340985,True,True,,
5306.pgm,Huynh-Nguyen-T5,True,256,1968,-1712,138,0.10688605959241063,32.78660835550425,True,True,,
5306.pgm,Dong-adaptive-conservative,True,256,304,-48,13392,14.87053353389221,12.916944813024767,True,True,l=1,
5374.pgm,PPOCP-conservative,True,256,2544,-2288,126,0.38804756750698205,33.181693768340985,True,True,,
5374.pgm,Huynh-Nguyen-T5,True,256,3392,-3136,123,0.6129415329449361,33.286348105122634,True,True,,
5374.pgm,Dong-adaptive-conservative,True,256,304,-48,135,0.7055374718977783,32.88206153456655,True,True,l=1,
5510.pgm,PPOCP-conservative,True,256,3080,-2824,135,0.10468100240000225,32.88206153456655,True,True,,
5510.pgm,Huynh-Nguyen-T5,True,256,3376,-3120,126,0.17516989925494572,33.181693768340985,True,True,,
5510.pgm,Dong-adaptive-conservative,False,256,0,0,0,,,False,False,,l=1: Dong location map contains unused marks; l=2: Dong location map contains unused marks; l=3: Dong location map contains unused marks; l=4: Dong location map contains unused marks; l=5: Dong location map contains unused marks; l=6: Dong location map contains unused marks; l=7: Dong location map contains unused marks; l=8: Dong location map contains unused marks; l=9: Dong location map contains unused marks; l=10: Dong location map contains unused marks
5683.pgm,PPOCP-conservative,True,256,256,0,122,103.44857729440231,33.321800912769135,True,True,,
5683.pgm,Huynh-Nguyen-T5,False,256,0,0,0,,,False,False,,capacity below target
5683.pgm,Dong-adaptive-conservative,False,256,0,0,0,,,False,False,,l=1: Insufficient Dong excluding-mode capacity; l=2: Insufficient Dong excluding-mode capacity; l=3: Insufficient Dong excluding-mode capacity; l=4: Insufficient Dong excluding-mode capacity; l=5: Insufficient Dong excluding-mode capacity; l=6: Insufficient Dong excluding-mode capacity; l=7: Insufficient Dong excluding-mode capacity; l=8: Insufficient Dong excluding-mode capacity; l=9: Insufficient Dong excluding-mode capacity; l=10: Insufficient Dong excluding-mode capacity
5788.pgm,PPOCP-conservative,True,256,2632,-2376,116,0.15543265428137462,33.54081932724743,True,True,,
5788.pgm,Huynh-Nguyen-T5,True,256,3368,-3112,111,0.2290178314984462,33.73216943165004,True,True,,
5788.pgm,Dong-adaptive-conservative,True,256,280,-24,114,0.26461059867176734,33.61635070615189,True,True,l=1,
5966.pgm,PPOCP-conservative,True,256,3600,-3344,139,0.040689332156992615,32.755251216975665,True,True,,
5966.pgm,Huynh-Nguyen-T5,True,256,1128,-872,142,0.07537340508422126,32.662515775686046,True,True,,
5966.pgm,Dong-adaptive-conservative,True,256,352,-96,10913,5.356438574370733,13.80595766748563,True,True,l=9,
6197.pgm,PPOCP-conservative,True,256,256,0,137,116.16766466666444,32.818193547952546,True,True,,
6197.pgm,Huynh-Nguyen-T5,False,256,0,0,0,,,False,False,,capacity below target
6197.pgm,Dong-adaptive-conservative,False,256,0,0,0,,,False,False,,l=1: Insufficient Dong excluding-mode capacity; l=2: Insufficient Dong excluding-mode capacity; l=3: Insufficient Dong excluding-mode capacity; l=4: Insufficient Dong excluding-mode capacity; l=5: Insufficient Dong excluding-mode capacity; l=6: Insufficient Dong excluding-mode capacity; l=7: Insufficient Dong excluding-mode capacity; l=8: Insufficient Dong excluding-mode capacity; l=9: Insufficient Dong excluding-mode capacity; l=10: Insufficient Dong excluding-mode capacity
6247.pgm,PPOCP-conservative,True,256,1792,-1536,119,0.1012463098053916,33.429929605591305,True,True,,
6247.pgm,Huynh-Nguyen-T5,True,256,1872,-1616,131,0.2586068835244486,33.01268626295897,True,True,,
6247.pgm,Dong-adaptive-conservative,False,256,0,0,0,,,False,False,,l=1: Dong location map contains unused marks; l=2: Dong location map contains unused marks; l=3: Dong location map contains unused marks; l=4: Dong location map contains unused marks; l=5: Dong location map contains unused marks; l=6: Dong location map contains unused marks; l=7: Dong location map contains unused marks; l=8: Dong location map contains unused marks; l=9: Dong location map contains unused marks; l=10: Dong location map contains unused marks
6399.pgm,PPOCP-conservative,True,256,3696,-3440,133,0.07808708031652796,32.94688280984576,True,True,,
6399.pgm,Huynh-Nguyen-T5,True,256,1864,-1608,120,0.12539680352602198,33.39358675904037,True,True,,
6399.pgm,Dong-adaptive-conservative,True,256,312,-56,148,0.15700346438262913,32.482782065567044,True,True,l=1,
6447.pgm,PPOCP-conservative,True,256,3384,-3128,124,0.3917840962251969,33.251182367894266,True,True,,
6447.pgm,Huynh-Nguyen-T5,True,256,3384,-3128,112,0.4782423081663304,33.6932189928148,True,True,,
6447.pgm,Dong-adaptive-conservative,True,256,280,-24,133,0.7233361560859122,32.94688280984576,True,True,l=4,
6702.pgm,PPOCP-conservative,True,256,2952,-2696,137,0.11593820794133321,32.818193547952546,True,True,,
6702.pgm,Huynh-Nguyen-T5,True,256,3376,-3120,125,0.1856317187070063,33.21629908943605,True,True,,
6702.pgm,Dong-adaptive-conservative,True,256,288,-32,138,0.23160561339852645,32.78660835550425,True,True,l=1,
6760.pgm,PPOCP-conservative,True,256,2648,-2392,143,0.2449387379346055,32.632038844865995,True,True,,
6760.pgm,Huynh-Nguyen-T5,True,256,3336,-3080,118,0.30575917805202724,33.46657914645536,True,True,,
6760.pgm,Dong-adaptive-conservative,False,256,0,0,0,,,False,False,,l=1: Dong location map contains unused marks; l=2: Dong location map contains unused marks; l=3: Dong location map contains unused marks; l=4: Dong location map contains unused marks; l=5: Dong location map contains unused marks; l=6: Dong location map contains unused marks; l=7: Dong location map contains unused marks; l=8: Dong location map contains unused marks; l=9: Dong location map contains unused marks; l=10: Dong location map contains unused marks
6823.pgm,PPOCP-conservative,True,256,2376,-2120,111,0.2573656622401498,33.73216943165004,True,True,,
6823.pgm,Huynh-Nguyen-T5,True,256,3248,-2992,106,0.32725012691710187,33.932340566868916,True,True,,
6823.pgm,Dong-adaptive-conservative,True,256,296,-40,135,0.44169020625502103,32.88206153456655,True,True,l=1,
6949.pgm,PPOCP-conservative,True,256,2488,-2232,125,0.12279019041579674,33.21629908943605,True,True,,
6949.pgm,Huynh-Nguyen-T5,True,256,3336,-3080,118,0.21644438918053693,33.46657914645536,True,True,,
6949.pgm,Dong-adaptive-conservative,True,256,288,-32,121,0.19507870881072548,33.35754551635211,True,True,l=4,
7039.pgm,PPOCP-conservative,True,256,1776,-1520,133,0.6620223993590928,32.94688280984576,True,True,,
7039.pgm,Huynh-Nguyen-T5,False,256,0,0,0,,,False,False,,capacity below target
7039.pgm,Dong-adaptive-conservative,True,256,272,-16,129,1.133680268457825,33.079502116524125,True,True,l=8,
7381.pgm,PPOCP-conservative,True,256,3304,-3048,138,0.3627101121719133,32.78660835550425,True,True,,
7381.pgm,Huynh-Nguyen-T5,True,256,3296,-3040,131,0.5414722342804311,33.01268626295897,True,True,,
7381.pgm,Dong-adaptive-conservative,True,256,312,-56,149,0.6117258937177907,32.45353653539388,True,True,l=3,
7401.pgm,PPOCP-conservative,True,256,3128,-2872,126,0.042270435506453326,33.181693768340985,True,True,,
7401.pgm,Huynh-Nguyen-T5,True,256,1904,-1648,124,0.08157016425294876,33.251182367894266,True,True,,
7401.pgm,Dong-adaptive-conservative,True,256,288,-32,135,0.10192317305634875,32.88206153456655,True,True,l=1,
7569.pgm,PPOCP-conservative,True,256,2824,-2568,129,0.19474691100049196,33.079502116524125,True,True,,
7569.pgm,Huynh-Nguyen-T5,False,256,0,0,0,,,False,False,,capacity below target
7569.pgm,Dong-adaptive-conservative,True,256,312,-56,149,0.39767214510362564,32.45353653539388,True,True,l=2,
7612.pgm,PPOCP-conservative,True,256,3072,-2816,131,0.05177508812673708,33.01268626295897,True,True,,
7612.pgm,Huynh-Nguyen-T5,True,256,1904,-1648,145,0.07785762255449666,32.571719197166864,True,True,,
7612.pgm,Dong-adaptive-conservative,True,256,400,-144,216,0.1229360339431251,30.840861708007306,True,True,l=3,
7770.pgm,PPOCP-conservative,True,256,3104,-2848,126,0.39913026779819444,33.181693768340985,True,True,,
7770.pgm,Huynh-Nguyen-T5,False,256,0,0,0,,,False,False,,capacity below target
7770.pgm,Dong-adaptive-conservative,True,256,280,-24,129,0.7675759638098664,33.079502116524125,True,True,l=5,
7975.pgm,PPOCP-conservative,True,256,2192,-1936,119,0.3781417533682958,33.429929605591305,True,True,,
7975.pgm,Huynh-Nguyen-T5,True,256,3336,-3080,124,0.487573739408653,33.251182367894266,True,True,,
7975.pgm,Dong-adaptive-conservative,True,256,392,-136,174,0.7890457828829296,31.779906736690616,True,True,l=10,
8077.pgm,PPOCP-conservative,True,256,3072,-2816,115,0.314243514541509,33.5784208159805,True,True,,
8077.pgm,Huynh-Nguyen-T5,False,256,0,0,0,,,False,False,,capacity below target
8077.pgm,Dong-adaptive-conservative,True,256,280,-24,140,0.6366041963907729,32.72411886273424,True,True,l=1,
8222.pgm,PPOCP-conservative,True,256,3472,-3216,129,0.030500629270274922,33.079502116524125,True,True,,
8222.pgm,Huynh-Nguyen-T5,True,256,1104,-848,151,0.06257785327208454,32.395629746584916,True,True,,
8222.pgm,Dong-adaptive-conservative,True,256,376,-120,159,0.0610691390011565,32.1714279763121,True,True,l=3,
8331.pgm,PPOCP-conservative,True,256,1504,-1248,132,0.24192606820477647,32.979659907458114,True,True,,
8331.pgm,Huynh-Nguyen-T5,True,256,3384,-3128,136,0.3731764510062324,32.850010135814436,True,True,,
8331.pgm,Dong-adaptive-conservative,True,256,352,-96,162,0.4363717229316282,32.0902490740903,True,True,l=1,
8366.pgm,PPOCP-conservative,True,256,2920,-2664,142,0.19666568604879178,32.662515775686046,True,True,,
8366.pgm,Huynh-Nguyen-T5,True,256,3384,-3128,118,0.22941677170538635,33.46657914645536,True,True,,
8366.pgm,Dong-adaptive-conservative,True,256,392,-136,168,0.3414648245006257,31.93230640225799,True,True,l=1,
8401.pgm,PPOCP-conservative,True,256,2472,-2216,128,0.9839390188903021,33.11329952303793,True,True,,
8401.pgm,Huynh-Nguyen-T5,False,256,0,0,0,,,False,False,,capacity below target
8401.pgm,Dong-adaptive-conservative,True,256,288,-32,131,1.6541973784373667,33.01268626295897,True,True,l=6,
8486.pgm,PPOCP-conservative,True,256,3440,-3184,136,0.04478611365800217,32.850010135814436,True,True,,
8486.pgm,Huynh-Nguyen-T5,True,256,1112,-856,142,0.0797256949133962,32.662515775686046,True,True,,
8486.pgm,Dong-adaptive-conservative,True,256,440,-184,1293,0.7820025143517968,23.069413970712674,True,True,l=4,
8696.pgm,PPOCP-conservative,True,256,2336,-2080,120,0.1410725003714312,33.39358675904037,True,True,,
8696.pgm,Huynh-Nguyen-T5,True,256,3360,-3104,130,0.31403593456969037,33.04596569644825,True,True,,
8696.pgm,Dong-adaptive-conservative,False,256,0,0,0,,,False,False,,l=1: Dong location map contains unused marks; l=2: Dong location map contains unused marks; l=3: Dong location map contains unused marks; l=4: Dong location map is exhausted; l=5: Dong location map contains unused marks; l=6: Dong location map contains unused marks; l=7: Dong location map contains unused marks; l=8: Dong location map contains unused marks; l=9: Dong location map contains unused marks; l=10: Dong location map contains unused marks
8716.pgm,PPOCP-conservative,True,256,256,0,131,36.984516987843385,33.01268626295897,True,True,,
8716.pgm,Huynh-Nguyen-T5,False,256,0,0,0,,,False,False,,capacity below target
8716.pgm,Dong-adaptive-conservative,False,256,0,0,0,,,False,False,,l=1: Insufficient Dong excluding-mode capacity; l=2: Insufficient Dong excluding-mode capacity; l=3: Insufficient Dong excluding-mode capacity; l=4: Insufficient Dong excluding-mode capacity; l=5: Insufficient Dong excluding-mode capacity; l=6: Insufficient Dong excluding-mode capacity; l=7: Insufficient Dong excluding-mode capacity; l=8: Insufficient Dong excluding-mode capacity; l=9: Insufficient Dong excluding-mode capacity; l=10: Insufficient Dong excluding-mode capacity
9065.pgm,PPOCP-conservative,True,256,3040,-2784,141,0.2674685537214773,32.69320809296281,True,True,,
9065.pgm,Huynh-Nguyen-T5,True,256,3384,-3128,133,0.4182452604174954,32.94688280984576,True,True,,
9065.pgm,Dong-adaptive-conservative,True,256,304,-48,140,0.4945313050274094,32.72411886273424,True,True,l=2,
9164.pgm,PPOCP-conservative,True,256,2968,-2712,136,0.2260405798356942,32.850010135814436,True,True,,
9164.pgm,Huynh-Nguyen-T5,True,256,3304,-3048,121,0.2778233023576575,33.35754551635211,True,True,,
9164.pgm,Dong-adaptive-conservative,True,256,304,-48,139,0.44414138679092025,32.755251216975665,True,True,l=10,
9182.pgm,PPOCP-conservative,True,256,3248,-2992,121,0.10808888713718222,33.35754551635211,True,True,,
9182.pgm,Huynh-Nguyen-T5,True,256,1168,-912,183,0.264720353916863,31.56088832221232,True,True,,
9182.pgm,Dong-adaptive-conservative,True,256,280,-24,137,0.21771832234318828,32.818193547952546,True,True,l=2,
9392.pgm,PPOCP-conservative,True,256,3376,-3120,119,0.27639615868686196,33.429929605591305,True,True,,
9392.pgm,Huynh-Nguyen-T5,True,256,3400,-3144,109,0.3462676866329996,33.81113424011038,True,True,,
9392.pgm,Dong-adaptive-conservative,True,256,288,-32,132,0.5633937676313397,32.979659907458114,True,True,l=3,
9503.pgm,PPOCP-conservative,True,256,256,0,115,97.51300318734665,33.5784208159805,True,True,,
9503.pgm,Huynh-Nguyen-T5,False,256,0,0,0,,,False,False,,capacity below target
9503.pgm,Dong-adaptive-conservative,False,256,0,0,0,,,False,False,,l=1: Insufficient Dong excluding-mode capacity; l=2: Insufficient Dong excluding-mode capacity; l=3: Insufficient Dong excluding-mode capacity; l=4: Insufficient Dong excluding-mode capacity; l=5: Insufficient Dong excluding-mode capacity; l=6: Insufficient Dong excluding-mode capacity; l=7: Insufficient Dong excluding-mode capacity; l=8: Insufficient Dong excluding-mode capacity; l=9: Insufficient Dong excluding-mode capacity; l=10: Insufficient Dong excluding-mode capacity
9523.pgm,PPOCP-conservative,True,256,2584,-2328,129,0.1260444889685773,33.079502116524125,True,True,,
9523.pgm,Huynh-Nguyen-T5,True,256,3352,-3096,112,0.15587407845858323,33.6932189928148,True,True,,
9523.pgm,Dong-adaptive-conservative,True,256,288,-32,130,0.18183680237662564,33.04596569644825,True,True,l=1,
9776.pgm,PPOCP-conservative,True,256,3152,-2896,121,0.034076610267747325,33.35754551635211,True,True,,
9776.pgm,Huynh-Nguyen-T5,True,256,1104,-848,146,0.07199809093475842,32.54187066167225,True,True,,
9776.pgm,Dong-adaptive-conservative,True,256,344,-88,82474,45.91576518992796,5.022228635374302,True,True,l=6,
9904.pgm,PPOCP-conservative,True,256,3328,-3072,116,0.04216757571590799,33.54081932724743,True,True,,
9904.pgm,Huynh-Nguyen-T5,True,256,1848,-1592,124,0.09021019818837826,33.251182367894266,True,True,,
9904.pgm,Dong-adaptive-conservative,True,256,272,-16,141,0.12463467542173337,32.69320809296281,True,True,l=1,
9909.pgm,PPOCP-conservative,True,256,2144,-1888,114,1.0069660345192464,33.61635070615189,True,True,,
9909.pgm,Huynh-Nguyen-T5,False,256,0,0,0,,,False,False,,capacity below target
9909.pgm,Dong-adaptive-conservative,True,256,296,-40,121,1.6718933527166382,33.35754551635211,True,True,l=5,
9946.pgm,PPOCP-conservative,True,256,2896,-2640,113,0.19185441808911413,33.654614784682416,True,True,,
9946.pgm,Huynh-Nguyen-T5,True,256,1904,-1648,124,0.33298492316467826,33.251182367894266,True,True,,
9946.pgm,Dong-adaptive-conservative,True,256,344,-88,126,0.34803114808195196,33.181693768340985,True,True,l=4,
7.pgm,ABM-enumerative,True,256,144,112,131,0.10041103882691549,33.01268626295897,True,True,,
46.pgm,ABM-enumerative,True,256,136,120,133,0.13471987336865263,32.94688280984576,True,True,,
353.pgm,ABM-enumerative,False,256,0,0,0,,,False,False,,capacity below target
410.pgm,ABM-enumerative,True,256,120,136,124,0.0863221586560541,33.251182367894266,True,True,,
488.pgm,ABM-enumerative,True,256,160,96,117,0.07492694502831786,33.503540602055,True,True,,
581.pgm,ABM-enumerative,True,256,296,-40,135,0.5954370145594483,32.88206153456655,True,True,,
596.pgm,ABM-enumerative,True,256,200,56,134,0.3525751754675884,32.91435123586854,True,True,,
636.pgm,ABM-enumerative,True,256,360,-104,119,0.48933269071224744,33.429929605591305,True,True,,
655.pgm,ABM-enumerative,True,256,152,104,134,0.1892222603291415,32.91435123586854,True,True,,
812.pgm,ABM-enumerative,True,256,120,136,123,0.07913721341939897,33.286348105122634,True,True,,
889.pgm,ABM-enumerative,True,256,136,120,121,0.12045923782444838,33.35754551635211,True,True,,
1300.pgm,ABM-enumerative,True,256,136,120,136,0.16037217204002888,32.850010135814436,True,True,,
1404.pgm,ABM-enumerative,True,256,144,112,142,0.15664267345421193,32.662515775686046,True,True,,
1473.pgm,ABM-enumerative,False,256,0,0,0,,,False,False,,capacity below target
1493.pgm,ABM-enumerative,True,256,144,112,127,0.1773683554936149,33.14736200995704,True,True,,
1583.pgm,ABM-enumerative,True,256,184,72,124,0.28747467035427343,33.251182367894266,True,True,,
1586.pgm,ABM-enumerative,False,256,0,0,0,,,False,False,,capacity below target
1592.pgm,ABM-enumerative,True,256,144,112,117,0.15427414649062543,33.503540602055,True,True,,
1658.pgm,ABM-enumerative,True,256,136,120,132,0.12677124561666564,32.979659907458114,True,True,,
1669.pgm,ABM-enumerative,True,256,200,56,112,0.2694152906740982,33.6932189928148,True,True,,
1717.pgm,ABM-enumerative,True,256,144,112,124,0.1226861221026674,33.251182367894266,True,True,,
1722.pgm,ABM-enumerative,False,256,0,0,0,,,False,False,,capacity below target
1899.pgm,ABM-enumerative,False,256,0,0,0,,,False,False,,capacity below target
2098.pgm,ABM-enumerative,True,256,120,136,130,0.05482182463758079,33.04596569644825,True,True,,
2105.pgm,ABM-enumerative,True,256,136,120,130,0.09236404339149624,33.04596569644825,True,True,,
2179.pgm,ABM-enumerative,True,256,136,120,123,0.0932326470223117,33.286348105122634,True,True,,
2198.pgm,ABM-enumerative,True,256,144,112,133,0.1352981839764609,32.94688280984576,True,True,,
2323.pgm,ABM-enumerative,True,256,144,112,129,0.1737242512092069,33.079502116524125,True,True,,
2460.pgm,ABM-enumerative,True,256,120,136,131,0.14115272381524877,33.01268626295897,True,True,,
2512.pgm,ABM-enumerative,True,256,176,80,116,0.06170028908089025,33.54081932724743,True,True,,
2565.pgm,ABM-enumerative,True,256,136,120,127,0.16393638326531246,33.14736200995704,True,True,,
2702.pgm,ABM-enumerative,False,256,0,0,0,,,False,False,,capacity below target
2732.pgm,ABM-enumerative,True,256,120,136,135,0.05660957017804043,32.88206153456655,True,True,,
2738.pgm,ABM-enumerative,False,256,0,0,0,,,False,False,,capacity below target
2766.pgm,ABM-enumerative,True,256,240,16,140,0.4707920436872241,32.72411886273424,True,True,,
2881.pgm,ABM-enumerative,True,256,152,104,124,0.05543791688221816,33.251182367894266,True,True,,
2929.pgm,ABM-enumerative,True,256,120,136,126,0.07798438188102814,33.181693768340985,True,True,,
2947.pgm,ABM-enumerative,True,256,136,120,121,0.07820759966083389,33.35754551635211,True,True,,
3009.pgm,ABM-enumerative,True,256,120,136,136,0.055779854212963616,32.850010135814436,True,True,,
3089.pgm,ABM-enumerative,True,256,144,112,114,0.06031161639872802,33.61635070615189,True,True,,
3099.pgm,ABM-enumerative,True,256,200,56,131,0.16060894149545937,33.01268626295897,True,True,,
3105.pgm,ABM-enumerative,True,256,136,120,116,0.060080215254796294,33.54081932724743,True,True,,
3109.pgm,ABM-enumerative,True,256,192,64,119,0.08450889710787408,33.429929605591305,True,True,,
3116.pgm,ABM-enumerative,True,256,152,104,116,0.15471064608065357,33.54081932724743,True,True,,
3125.pgm,ABM-enumerative,True,256,152,104,110,0.14828409143152194,33.771472367934365,True,True,,
3823.pgm,ABM-enumerative,True,256,152,104,136,0.04096263613289425,32.850010135814436,True,True,,
3909.pgm,ABM-enumerative,True,256,192,64,141,0.04573765518463266,32.69320809296281,True,True,,
4004.pgm,ABM-enumerative,True,256,144,112,139,0.07319489729007557,32.755251216975665,True,True,,
4090.pgm,ABM-enumerative,True,256,160,96,128,0.06610303572027552,33.11329952303793,True,True,,
4328.pgm,ABM-enumerative,True,256,136,120,121,0.08758189573793412,33.35754551635211,True,True,,
4391.pgm,ABM-enumerative,True,256,184,72,136,0.03799314760197578,32.850010135814436,True,True,,
4707.pgm,ABM-enumerative,True,256,144,112,134,0.11938134107813604,32.91435123586854,True,True,,
4757.pgm,ABM-enumerative,True,256,200,56,128,0.4225891748087356,33.11329952303793,True,True,,
4839.pgm,ABM-enumerative,True,256,184,72,129,0.2535464202945088,33.079502116524125,True,True,,
5009.pgm,ABM-enumerative,False,256,0,0,0,,,False,False,,capacity below target
5038.pgm,ABM-enumerative,False,256,0,0,0,,,False,False,,capacity below target
5056.pgm,ABM-enumerative,False,256,0,0,0,,,False,False,,capacity below target
5125.pgm,ABM-enumerative,True,256,232,24,129,0.4510363242756963,33.079502116524125,True,True,,
5184.pgm,ABM-enumerative,True,256,280,-24,132,0.5035709162312239,32.979659907458114,True,True,,
5248.pgm,ABM-enumerative,False,256,0,0,0,,,False,False,,capacity below target
5288.pgm,ABM-enumerative,False,256,0,0,0,,,False,False,,capacity below target
5306.pgm,ABM-enumerative,True,256,152,104,135,0.13341457577876006,32.88206153456655,True,True,,
5374.pgm,ABM-enumerative,True,256,304,-48,121,0.6189520423536019,33.35754551635211,True,True,,
5510.pgm,ABM-enumerative,True,256,144,112,131,0.20195862159981387,33.01268626295897,True,True,,
5683.pgm,ABM-enumerative,False,256,0,0,0,,,False,False,,capacity below target
5788.pgm,ABM-enumerative,True,256,184,72,114,0.23291084409407126,33.61635070615189,True,True,,
5966.pgm,ABM-enumerative,True,256,136,120,117,0.059867008131339834,33.503540602055,True,True,,
6197.pgm,ABM-enumerative,False,256,0,0,0,,,False,False,,capacity below target
6247.pgm,ABM-enumerative,True,256,176,80,137,0.2568540996243118,32.818193547952546,True,True,,
6399.pgm,ABM-enumerative,True,256,144,112,118,0.13862870552516443,33.46657914645536,True,True,,
6447.pgm,ABM-enumerative,True,256,248,8,133,0.5515766423742317,32.94688280984576,True,True,,
6702.pgm,ABM-enumerative,True,256,152,104,138,0.20404230480995242,32.78660835550425,True,True,,
6760.pgm,ABM-enumerative,True,256,200,56,118,0.30227927817491007,33.46657914645536,True,True,,
6823.pgm,ABM-enumerative,True,256,200,56,123,0.3897649006978688,33.286348105122634,True,True,,
6949.pgm,ABM-enumerative,True,256,120,136,120,0.2515037169372252,33.39358675904037,True,True,,
7039.pgm,ABM-enumerative,True,256,384,-128,129,0.7265712856441799,33.079502116524125,True,True,,
7381.pgm,ABM-enumerative,True,256,264,-8,130,0.5453635807684387,33.04596569644825,True,True,,
7401.pgm,ABM-enumerative,True,256,136,120,122,0.09692696747487274,33.321800912769135,True,True,,
7569.pgm,ABM-enumerative,True,256,208,48,139,0.33906828853654253,32.755251216975665,True,True,,
7612.pgm,ABM-enumerative,True,256,120,136,123,0.07429648458964204,33.286348105122634,True,True,,
7770.pgm,ABM-enumerative,True,256,320,-64,129,0.5290901903210755,33.079502116524125,True,True,,
7975.pgm,ABM-enumerative,True,256,184,72,131,0.521437121245595,33.01268626295897,True,True,,
8077.pgm,ABM-enumerative,True,256,288,-32,140,0.531862450529836,32.72411886273424,True,True,,
8222.pgm,ABM-enumerative,True,256,120,136,129,0.05797848248156087,33.079502116524125,True,True,,
8331.pgm,ABM-enumerative,True,256,184,72,135,0.40901036270453056,32.88206153456655,True,True,,
8366.pgm,ABM-enumerative,True,256,176,80,116,0.23661995078466438,33.54081932724743,True,True,,
8401.pgm,ABM-enumerative,False,256,0,0,0,,,False,False,,capacity below target
8486.pgm,ABM-enumerative,True,256,144,112,126,0.07132583225424592,33.181693768340985,True,True,,
8696.pgm,ABM-enumerative,True,256,176,80,137,0.4513615567998434,32.818193547952546,True,True,,
8716.pgm,ABM-enumerative,False,256,0,0,0,,,False,False,,capacity below target
9065.pgm,ABM-enumerative,True,256,216,40,134,0.4732074760993511,32.91435123586854,True,True,,
9164.pgm,ABM-enumerative,True,256,160,96,134,0.3625415440447452,32.91435123586854,True,True,,
9182.pgm,ABM-enumerative,True,256,232,24,131,0.18317139727207543,33.01268626295897,True,True,,
9392.pgm,ABM-enumerative,True,256,184,72,132,0.4086299464078607,32.979659907458114,True,True,,
9503.pgm,ABM-enumerative,False,256,0,0,0,,,False,False,,capacity below target
9523.pgm,ABM-enumerative,True,256,152,104,123,0.17420661852782876,33.286348105122634,True,True,,
9776.pgm,ABM-enumerative,True,256,136,120,120,0.05882064663029581,33.39358675904037,True,True,,
9904.pgm,ABM-enumerative,True,256,120,136,141,0.1243734316244163,32.69320809296281,True,True,,
9909.pgm,ABM-enumerative,False,256,0,0,0,,,False,False,,capacity below target
9946.pgm,ABM-enumerative,True,256,384,-128,115,0.3033960725437202,33.5784208159805,True,True,,
